model,fold,roc_auc,pr_auc,brier
Baseline (no skill),0,0.5,0.06349206349206349,0.05946107936507934
Baseline (no skill),1,0.5,0.064,0.05990401631866008
Baseline (no skill),2,0.5,0.064,0.05990401631866008
Baseline (no skill),3,0.5,0.064,0.05990401631866008
Baseline (no skill),4,0.5,0.064,0.05990401631866008
Baseline (no skill),5,0.5,0.06349206349206349,0.059461079365079335
Baseline (no skill),6,0.5,0.064,0.05990401631866008
Baseline (no skill),7,0.5,0.064,0.05990401631866008
Baseline (no skill),8,0.5,0.064,0.059904016318660075
Baseline (no skill),9,0.5,0.064,0.059904016318660075
Baseline (no skill),10,0.5,0.06349206349206349,0.05946107936507935
Baseline (no skill),11,0.5,0.064,0.05990401631866008
Baseline (no skill),12,0.5,0.064,0.059904016318660075
Baseline (no skill),13,0.5,0.064,0.05990401631866008
Baseline (no skill),14,0.5,0.064,0.05990401631866008
Baseline (no skill),15,0.5,0.06349206349206349,0.05946107936507935
Baseline (no skill),16,0.5,0.064,0.05990401631866008
Baseline (no skill),17,0.5,0.064,0.05990401631866008
Baseline (no skill),18,0.5,0.064,0.05990401631866008
Baseline (no skill),19,0.5,0.064,0.05990401631866008
Baseline (no skill),20,0.5,0.06349206349206349,0.05946107936507934
Baseline (no skill),21,0.5,0.064,0.05990401631866008
Baseline (no skill),22,0.5,0.064,0.059904016318660075
Baseline (no skill),23,0.5,0.064,0.059904016318660075
Baseline (no skill),24,0.5,0.064,0.05990401631866008
Logistic regression,0,0.486228813559322,0.09380548370044169,0.19744761349950024
Logistic regression,1,0.5021367521367521,0.08709428143042779,0.226759014611039
Logistic regression,2,0.5053418803418803,0.10411556393531418,0.23046465554041776
Logistic regression,3,0.5705128205128205,0.12242936731147364,0.22560211899250043
Logistic regression,4,0.7158119658119657,0.15867788599003216,0.22863331999771294
Logistic regression,5,0.6949152542372881,0.11898991082146729,0.21949671878097138
Logistic regression,6,0.5128205128205128,0.160082890779387,0.22145781280532498
Logistic regression,7,0.47435897435897434,0.11296904396190408,0.222831007915956
Logistic regression,8,0.6794871794871795,0.13384047814964092,0.2363774110129606
Logistic regression,9,0.4391025641025641,0.08422897931395995,0.20277168881498098
Logistic regression,10,0.5709745762711864,0.11987457564788981,0.2167452619072087
Logistic regression,11,0.6047008547008548,0.12305187532002049,0.22370340381852757
Logistic regression,12,0.4668803418803419,0.1327592914370708,0.2238146940662832
Logistic regression,13,0.8098290598290598,0.2686717796092796,0.22306125739608432
Logistic regression,14,0.49572649572649574,0.07901338739206903,0.23070571387207217
Logistic regression,15,0.5572033898305084,0.08661575017957997,0.2162593276324065
Logistic regression,16,0.6485042735042735,0.1383673551066137,0.2065536121973212
Logistic regression,17,0.6987179487179487,0.1857616015493566,0.2202103548650843
Logistic regression,18,0.7200854700854701,0.2080793274503518,0.22401402352280939
Logistic regression,19,0.3856837606837607,0.05478096074758112,0.2307978746794481
Logistic regression,20,0.4841101694915254,0.07830543682475123,0.21791154069641244
Logistic regression,21,0.767094017094017,0.19739222819667043,0.1994026770692719
Logistic regression,22,0.6955128205128205,0.1456570819960913,0.22873771514725644
Logistic regression,23,0.5,0.09469243988680698,0.22526249465899004
Logistic regression,24,0.49572649572649574,0.08544971462491267,0.23574082648523256
Random forest,0,0.6377118644067796,0.15177948957360723,0.08969198224182288
Random forest,1,0.6249999999999999,0.09602196200846808,0.09139410190346849
Random forest,2,0.6367521367521368,0.11745711738606451,0.16064371937718308
Random forest,3,0.6997863247863247,0.1799628739923336,0.08432248662484006
Random forest,4,0.5,0.09372273951977436,0.09061659517165672
Random forest,5,0.6514830508474575,0.12287715016679449,0.15286095490300416
Random forest,6,0.5181623931623932,0.23885064011288681,0.15011645181798566
Random forest,7,0.6955128205128205,0.13681019506994654,0.09152161689319484
Random forest,8,0.46634615384615385,0.06407699326602491,0.1855763924596377
Random forest,9,0.514957264957265,0.19570051607415095,0.11531727171429262
Random forest,10,0.6578389830508474,0.22430706892064062,0.15092929976170277
Random forest,11,0.6452991452991453,0.11499854535809191,0.15220011066298667
Random forest,12,0.6335470085470086,0.11370918055271653,0.08536422169529059
Random forest,13,0.6474358974358975,0.17086590237971164,0.12579554802355888
Random forest,14,0.593482905982906,0.13038203966738096,0.1260315213490465
Random forest,15,0.6165254237288136,0.14666454750207816,0.09460358310068319
Random forest,16,0.608974358974359,0.09195524449908941,0.11834971747182367
Random forest,17,0.6720085470085471,0.10852114260008996,0.08622614922204772
Random forest,18,0.7521367521367521,0.20643481084972296,0.11102643558877871
Random forest,19,0.48931623931623935,0.07256400780863527,0.1713467959012358
Random forest,20,0.4533898305084746,0.0964831999331141,0.13106634222787106
Random forest,21,0.6944444444444444,0.1928937341104011,0.07907163441404158
Random forest,22,0.6698717948717949,0.1428188765292226,0.16636194791359324
Random forest,23,0.5336538461538461,0.08691821109300536,0.10118099706214445
Random forest,24,0.4797008547008548,0.08059388528138528,0.13147093575793298
Gradient boosting,0,0.6514830508474576,0.2928891867851282,0.1653687803214538
Gradient boosting,1,0.5518162393162394,0.10045898890663088,0.19036285921089055
Gradient boosting,2,0.607905982905983,0.08905146281363065,0.1707231621918188
Gradient boosting,3,0.657051282051282,0.1714375457973961,0.14920438327725707
Gradient boosting,4,0.5213675213675214,0.07563232780507712,0.13576256743428558
Gradient boosting,5,0.7070974576271186,0.13447352216748767,0.1776455578420352
Gradient boosting,6,0.5096153846153847,0.2078483821892351,0.1488499457854148
Gradient boosting,7,0.7061965811965812,0.1316743467028551,0.13771403461430387
Gradient boosting,8,0.5058760683760684,0.07477882333645502,0.14912424362145554
Gradient boosting,9,0.3974358974358974,0.06415624367938676,0.1671397816934359
Gradient boosting,10,0.5651483050847458,0.19261143371575826,0.19972891163037365
Gradient boosting,11,0.6714743589743589,0.11680728188147255,0.14210384492411807
Gradient boosting,12,0.5411324786324786,0.08921209187305404,0.15313126862500354
Gradient boosting,13,0.8365384615384615,0.23128584682860998,0.1466410791800965
Gradient boosting,14,0.5534188034188035,0.08775059044878529,0.17978188471868733
Gradient boosting,15,0.5942796610169491,0.27338843432109683,0.1450960702881476
Gradient boosting,16,0.5769230769230769,0.08170045009821786,0.15567772763644272
Gradient boosting,17,0.5646367521367521,0.07748317951812869,0.1457972884018307
Gradient boosting,18,0.7756410256410257,0.1900909409967381,0.19431150755853105
Gradient boosting,19,0.5512820512820513,0.07942438235663571,0.21188943241105065
Gradient boosting,20,0.4676906779661017,0.06343169916884957,0.15335756919420224
Gradient boosting,21,0.6004273504273505,0.2219354490589036,0.16712215443327472
Gradient boosting,22,0.673076923076923,0.16287064797558273,0.1943355894950229
Gradient boosting,23,0.6415598290598291,0.3260703163634978,0.13515214274549345
Gradient boosting,24,0.4727564102564102,0.07757981268762061,0.20814990590634258
SVM (RBF),0,0.6302966101694915,0.14261548636548638,0.058811223669755844
SVM (RBF),1,0.6517094017094017,0.16251064943611718,0.05950691280036246
SVM (RBF),2,0.5128205128205128,0.12643422383918862,0.059537647314054094
SVM (RBF),3,0.5395299145299145,0.22866956579565903,0.05897899160781523
SVM (RBF),4,0.5427350427350428,0.21858397403434465,0.05888205716069981
SVM (RBF),5,0.5550847457627118,0.09521760855767264,0.059309152294299075
SVM (RBF),6,0.5555555555555556,0.10807760914726831,0.05973934036987109
SVM (RBF),7,0.5480769230769231,0.11782745207636516,0.059595486844539455
SVM (RBF),8,0.6741452991452991,0.14642360516908626,0.05964649135574083
SVM (RBF),9,0.40384615384615385,0.1809641415608465,0.06009645393270628
SVM (RBF),10,0.6048728813559322,0.18922269301579647,0.058112480769398386
SVM (RBF),11,0.517094017094017,0.1665931033205293,0.05940592868980316
SVM (RBF),12,0.5769230769230769,0.1787629774355438,0.05897852232044445
SVM (RBF),13,0.2361111111111111,0.04724908383356651,0.06038057630274494
SVM (RBF),14,0.43482905982905984,0.06908368012487943,0.06217439634658359
SVM (RBF),15,0.5582627118644067,0.08443229050709236,0.06057559493639959
SVM (RBF),16,0.5961538461538461,0.1405377026942054,0.059159205022100834
SVM (RBF),17,0.3301282051282051,0.05641637854202665,0.06011151174367022
SVM (RBF),18,0.23183760683760685,0.046556820580790366,0.06013674320209474
SVM (RBF),19,0.3504273504273504,0.05372021187846106,0.06528474945142758
SVM (RBF),20,0.5127118644067796,0.10258307249709325,0.05975120729951675
SVM (RBF),21,0.5010683760683761,0.07193194843912351,0.06011264163087736
SVM (RBF),22,0.6762820512820513,0.2560723003979224,0.05948949241652676
SVM (RBF),23,0.4284188034188034,0.10283830993581287,0.060127344434342894
SVM (RBF),24,0.5085470085470085,0.07611499494733909,0.06205521919748807
